﻿CREATE TABLE PRODUCT
	(PRODUCTID	NUMERIC(5) NOT NULL,
	 NAME VARCHAR(100),
	 CATEGORY VARCHAR(100),
	 SIZE VARCHAR(20),
	 WEIGHT NUMERIC(10),
	 PRICE NUMERIC(10),
	 CONSTRAINT PRODUCT_PRIMARY_KEY PRIMARY KEY (PRODUCTID));

INSERT INTO PRODUCT VALUES (1,'TOTAL-CLASSIC 10W40','Olaj','4L',4,4878);
INSERT INTO PRODUCT VALUES (2,'JURATEK (JDCVAG104)','Féktárcsa','287 mm',7,11998);
INSERT INTO PRODUCT VALUES (3,'MINTEX (MDB1805)','Fékbetét','141,6 x 51,2 mm',0.5,10340);
INSERT INTO PRODUCT VALUES (4,'BERU (B3-ZSE059)','Gyújtótrafó','167mm',null,16989);
INSERT INTO PRODUCT VALUES (5,'NGK (N1-ZFR5P-G)','Gyújtógyertya','19 mm',null,2459);
INSERT INTO PRODUCT VALUES (6,'BOSCH (0986580824)','Üzemanyag szivattyú','',null,46774);
INSERT INTO PRODUCT VALUES (7,'LEMFÖRDER (LF25463)','Első stabilizátor kar','270mm',1,7991);
INSERT INTO PRODUCT VALUES (8,'MONROE (MNL29566)','Első-alsó lengőkar, bal','',5,20988);
INSERT INTO PRODUCT VALUES (9,'SACHS (M556271)','Gázos lengéscsillapító','',3,23657);
INSERT INTO PRODUCT VALUES (10,'WUNDERBAUM Sport','Autóillatosító','',0,384);

CREATE TABLE DEPT
	(DEPTID	NUMERIC(3) NOT NULL,
	 ZIP NUMERIC(4),
	 CITY VARCHAR(20),
	 COUNTY VARCHAR(20),
	 ADDRESS VARCHAR(20),
	 PHONE NUMERIC(11),
	 CONSTRAINT DEPT_PRIMARY_KEY PRIMARY KEY (DEPTID));

INSERT INTO DEPT VALUES (1,1139,'Budapest','Pest','Frangepán u. 55-57',0612708700);
INSERT INTO DEPT VALUES (2,1097,'Budapest','Pest','Timót u. 5',0613470938);
INSERT INTO DEPT VALUES (3,1039,'Budapest','Pest','Szentendrei út 255.',0614391592);
INSERT INTO DEPT VALUES (4,8000,'Székesfehérvár','Fejér','Szent Flórián krt. 4',0622500260);
INSERT INTO DEPT VALUES (5,7000,'Sárbogárd','Fejér','Ady Endre út 210',0625889101);

CREATE TABLE CLIENT
	(CLIENTID	NUMERIC(3) NOT NULL,
	 NAME VARCHAR(100),
	 CATEGORY VARCHAR(20),
	 SHIPPING_ADDRESS VARCHAR(100),
	 BILLING_ADDRESS VARCHAR(100),
	 PHONE NUMERIC(11),
	 DISCOUNT NUMERIC(2),
	 COMMENT VARCHAR(100),
	 CONSTRAINT CLIENT_PRIMARY_KEY PRIMARY KEY (CLIENTID));

INSERT INTO CLIENT VALUES (1,'Németh Márton','Private','8000 Székesfehérvár Széna tér 12','',06303099472,35,'');
INSERT INTO CLIENT VALUES (2,'NAVI Motors Kft.','Company','8000 Székesfehérvár Móri út 100','',06205145353,50,'hufbau mellett az udvar végében');
INSERT INTO CLIENT VALUES (3,'Szabó István','Private','8127 Aba Vak Bottyán u. 18','8127 Aba Vak Bottyán u. 11',0690555555,50,'');
INSERT INTO CLIENT VALUES (4,'Szűts Tibor Mihály e.v.','Company','8127 Aba Vak Bottyán u. 18','',0690555555,50,'');
INSERT INTO CLIENT VALUES (5,'CAR-GO PROFESSIONAL KFT.','Company','7000 Sárbogárd Bem u. 60','',0690555555,55,'mindig jattol :)');
INSERT INTO CLIENT VALUES (6,'Komáromi Tamás','Private','8000 Székesfehérvár Cserepes köz 4','',06303012345,10,'');

CREATE TABLE STOCK
	(DEPTID NUMERIC(3) NOT NULL,
	 PRODUCTID NUMERIC(5) NOT NULL,
	 QUANTITY NUMERIC(5),
	 CONSTRAINT STOCK_DEPT FOREIGN KEY (DEPTID) REFERENCES DEPT (DEPTID) ON DELETE CASCADE,
	 CONSTRAINT STOCK_PRODUCT FOREIGN KEY (PRODUCTID) REFERENCES PRODUCT (PRODUCTID) ON DELETE CASCADE);

INSERT INTO STOCK VALUES (1,1,10);
INSERT INTO STOCK VALUES (1,2,10);
INSERT INTO STOCK VALUES (1,3,10);
INSERT INTO STOCK VALUES (1,4,10);
INSERT INTO STOCK VALUES (1,5,10);
INSERT INTO STOCK VALUES (1,6,10);
INSERT INTO STOCK VALUES (1,7,10);
INSERT INTO STOCK VALUES (1,8,10);
INSERT INTO STOCK VALUES (1,9,10);
INSERT INTO STOCK VALUES (1,10,10);
INSERT INTO STOCK VALUES (2,1,10);
INSERT INTO STOCK VALUES (2,2,10);
INSERT INTO STOCK VALUES (2,3,10);
INSERT INTO STOCK VALUES (2,4,10);
INSERT INTO STOCK VALUES (2,5,10);
INSERT INTO STOCK VALUES (2,6,10);
INSERT INTO STOCK VALUES (2,7,10);
INSERT INTO STOCK VALUES (2,8,10);
INSERT INTO STOCK VALUES (2,9,10);
INSERT INTO STOCK VALUES (2,10,10);
INSERT INTO STOCK VALUES (3,1,10);
INSERT INTO STOCK VALUES (3,2,10);
INSERT INTO STOCK VALUES (3,3,10);
INSERT INTO STOCK VALUES (3,4,10);
INSERT INTO STOCK VALUES (3,5,10);
INSERT INTO STOCK VALUES (3,6,10);
INSERT INTO STOCK VALUES (3,7,10);
INSERT INTO STOCK VALUES (3,8,10);
INSERT INTO STOCK VALUES (3,9,10);
INSERT INTO STOCK VALUES (3,10,10);
INSERT INTO STOCK VALUES (4,1,10);
INSERT INTO STOCK VALUES (4,2,10);
INSERT INTO STOCK VALUES (4,3,10);
INSERT INTO STOCK VALUES (4,4,10);
INSERT INTO STOCK VALUES (4,5,10);
INSERT INTO STOCK VALUES (4,6,10);
INSERT INTO STOCK VALUES (4,7,10);
INSERT INTO STOCK VALUES (4,8,10);
INSERT INTO STOCK VALUES (4,9,10);
INSERT INTO STOCK VALUES (4,10,10);
INSERT INTO STOCK VALUES (5,1,10);
INSERT INTO STOCK VALUES (5,2,10);
INSERT INTO STOCK VALUES (5,3,10);
INSERT INTO STOCK VALUES (5,4,10);
INSERT INTO STOCK VALUES (5,5,10);
INSERT INTO STOCK VALUES (5,6,10);
INSERT INTO STOCK VALUES (5,7,10);
INSERT INTO STOCK VALUES (5,8,10);
INSERT INTO STOCK VALUES (5,9,10);
INSERT INTO STOCK VALUES (5,10,10);

CREATE TABLE SALE
	(SALEID NUMERIC(5) NOT NULL,
	 CLIENTID NUMERIC(3) NOT NULL,
	 DEPTID NUMERIC(3) NOT NULL,
	 SALEDATE DATETIME,
	 CONSTRAINT SALE_PRIMARY_KEY PRIMARY KEY (SALEID),
	 CONSTRAINT SALE_DEPT FOREIGN KEY (DEPTID) REFERENCES DEPT (DEPTID) ON DELETE CASCADE,
	 CONSTRAINT SALE_CLIENT FOREIGN KEY (CLIENTID) REFERENCES CLIENT (CLIENTID) ON DELETE CASCADE);

INSERT INTO SALE VALUES (1,1,3,'2017-07-01 16:35');
INSERT INTO SALE VALUES (2,1,4,'2017-08-30 12:30');
INSERT INTO SALE VALUES (3,2,4,'2017-08-31 11:22');
INSERT INTO SALE VALUES (4,3,4,'2017-08-31 11:25');
INSERT INTO SALE VALUES (5,4,4,'2017-08-31 11:27');
INSERT INTO SALE VALUES (6,4,4,'2017-08-31 14:50');
INSERT INTO SALE VALUES (7,5,5,'2017-09-03 11:22');
INSERT INTO SALE VALUES (8,6,4,'2019-04-01 12:35');
INSERT INTO SALE VALUES (9,2,4,'2019-04-03 10:30');
INSERT INTO SALE VALUES (10,3,4,'2019-04-10 15:36');

CREATE TABLE SALE_HAS_PRODUCT
	(SALEID NUMERIC(5) NOT NULL,
	 PRODUCTID NUMERIC(5) NOT NULL,
	 QUANTITY NUMERIC(5),
	 CONSTRAINT SHP_PRODUCT FOREIGN KEY (PRODUCTID) REFERENCES PRODUCT (PRODUCTID) ON DELETE CASCADE,
	 CONSTRAINT SHP_SALE FOREIGN KEY (SALEID) REFERENCES SALE (SALEID) ON DELETE CASCADE);

INSERT INTO SALE_HAS_PRODUCT VALUES (1,1,1);
INSERT INTO SALE_HAS_PRODUCT VALUES (1,10,1);
INSERT INTO SALE_HAS_PRODUCT VALUES (2,4,4);
INSERT INTO SALE_HAS_PRODUCT VALUES (3,1,5);
INSERT INTO SALE_HAS_PRODUCT VALUES (4,9,2);
INSERT INTO SALE_HAS_PRODUCT VALUES (5,2,2);
INSERT INTO SALE_HAS_PRODUCT VALUES (5,3,2);
INSERT INTO SALE_HAS_PRODUCT VALUES (6,8,1);
INSERT INTO SALE_HAS_PRODUCT VALUES (7,1,1);
INSERT INTO SALE_HAS_PRODUCT VALUES (7,5,4);
INSERT INTO SALE_HAS_PRODUCT VALUES (7,7,2);
INSERT INTO SALE_HAS_PRODUCT VALUES (8,10,1);
INSERT INTO SALE_HAS_PRODUCT VALUES (9,3,1);
INSERT INTO SALE_HAS_PRODUCT VALUES (10,6,1);